{
  "Total" : {
    "transaction" : "Total",
    "sampleCount" : 1000,
    "errorCount" : 0,
    "errorPct" : 0.0,
    "meanResTime" : 1.1220000000000026,
    "medianResTime" : 1.0,
    "minResTime" : 0.0,
    "maxResTime" : 30.0,
    "pct1ResTime" : 2.0,
    "pct2ResTime" : 2.0,
    "pct3ResTime" : 2.0,
    "throughput" : 102.15548064153641,
    "receivedKBytesPerSec" : 102.05571942997243,
    "sentKBytesPerSec" : 28.731228930432117
  },
  "HTTP Request (Cadastro de Paciente)" : {
    "transaction" : "HTTP Request (Cadastro de Paciente)",
    "sampleCount" : 1000,
    "errorCount" : 0,
    "errorPct" : 0.0,
    "meanResTime" : 1.1220000000000026,
    "medianResTime" : 1.0,
    "minResTime" : 0.0,
    "maxResTime" : 30.0,
    "pct1ResTime" : 2.0,
    "pct2ResTime" : 2.0,
    "pct3ResTime" : 2.0,
    "throughput" : 102.15548064153641,
    "receivedKBytesPerSec" : 102.05571942997243,
    "sentKBytesPerSec" : 28.731228930432117
  }
}